Company_Name,Website,Email,Location,Notes
3 Colours Rule,https://3coloursrule.com/contact-us/,info@3coloursrule.com,London, UK,SEO agency
Altura Interactive,http://alturainteractive.com,zeph@alturainteractive.com,Xalapa, Veracruz, Mexico,SEO/SEM
Ayima Search Marketing,https://www.ayima.com/,contact@ayima.com,London, United Kingdom,SEO agency
Brain Labs,,partnerships@brainlabsdigital.com,London, UK,Digital marketing
DEJAN Marketing,,enquiries@dejanmarketing.com,Brisbane, Australia,SEO
Everett Sizemore,https://www.esizemore.com,everett@esizemore.com,Cincinnati, OH,SEO consultant
Geoff Kenyon,https://pomar.io,geoff@pomar.io,San Luis Obispo, CA,SEO consultant
Hall Analysis LLC,https://www.hallanalysis.com/,hello@hallanalysis.com,Columbia, SC,SEO
John Doherty,http://johnfdoherty.com,dohertyjf@gmail.com,San Francisco, CA,SEO consultant
Keyphraseology,,contact@keyphraseology.com,Tampa, FL,SEO
Kick Point,https://kickpoint.ca/contact/,hello@kickpoint.ca,Edmonton, AB,SEO
Marie Haynes Consulting Inc.,,help@mariehaynes.com,Ottawa, Ontario, Canada,SEO expert
MobileMoxie,http://www.mobilemoxie.com,info@mobilemoxie.com,Denver, CO,SEO
Perficient Digital,,tina.sparling@perficient.com,Saint Louis, MO,Digital/SEO
SEOinhouse.com,http://www.seoinhouse.com,hello@seoinhouse.com,St. Louis, MO,In-house SEO
WrightIMC,http://www.wrightimc.com,sales@wrightimc.com,Allen, TX,SEO agency

