agency_or_domain,website,contact_email,contact_page,source,notes
delante.co,https://delante.co,info@delante.co,https://delante.co/contact/,DesignRush + GoodFirms + TopSEOs (public pages),Public data only. Verify before outreach.
highervisibility.com,https://www.highervisibility.com,info@highervisibility.com,https://www.highervisibility.com/contact-us/,DesignRush + GoodFirms + TopSEOs (public pages),Public data only. Verify before outreach.
ignitedigital.com,https://ignitedigital.com,,,DesignRush + GoodFirms + TopSEOs (public pages),Public data only. Verify before outreach.
ignitevisibility.com,https://ignitevisibility.com,opportunity@ignitevisibility.com,https://go.ignitevisibility.com/contact-us/,DesignRush + GoodFirms + TopSEOs (public pages),Public data only. Verify before outreach.
linkgraph.com,https://www.linkgraph.com,,,DesignRush + GoodFirms + TopSEOs (public pages),Public data only. Verify before outreach.
searchbloom.com,https://www.searchbloom.com,hello@searchbloom.com; your@email.com,https://www.searchbloom.com/contact-us/,DesignRush + GoodFirms + TopSEOs (public pages),Public data only. Verify before outreach.
smartsites.com,https://www.smartsites.com,contact@smartsites.com,,DesignRush + GoodFirms + TopSEOs (public pages),Public data only. Verify before outreach.
stellarseo.com,https://stellarseo.com,,https://stellarseo.com/contact-us/,DesignRush + GoodFirms + TopSEOs (public pages),Public data only. Verify before outreach.
sureoak.com,https://sureoak.com,,https://sureoak.com/contact,DesignRush + GoodFirms + TopSEOs (public pages),Public data only. Verify before outreach.
victorious.com,https://victorious.com,,,DesignRush + GoodFirms + TopSEOs (public pages),Public data only. Verify before outreach.
